Date,Open,High,Low,Close,Adj Close,Volume
2014-09-18,456.859985,456.859985,413.104004,424.440002,424.440002,34483200.0
2014-09-19,424.102997,427.834991,384.532013,394.79599,394.79599,37919700.0
2014-09-20,394.673004,423.29599,389.882996,408.903992,408.903992,36863600.0
2014-09-21,408.084991,412.425995,393.181,398.821014,398.821014,26580100.0
2014-09-22,399.100006,406.915985,397.130005,402.152008,402.152008,24127600.0
2014-09-23,402.09201,441.557007,396.196991,435.790985,435.790985,45099500.0
2014-09-24,435.751007,436.112,421.131989,423.204987,423.204987,30627700.0
2014-09-25,423.156006,423.519989,409.467987,411.574005,411.574005,26814400.0
2014-09-26,411.428986,414.937988,400.009003,404.424988,404.424988,21460800.0
2014-09-27,403.556,406.622986,397.372009,399.519989,399.519989,15029300.0
2014-09-28,399.471008,401.016998,374.332001,377.181,377.181,23613300.0
2014-09-29,376.928009,385.210999,372.23999,375.46701,375.46701,32497700.0
2014-09-30,376.088013,390.97699,373.442993,386.944,386.944,34707300.0
2014-10-01,387.427002,391.378998,380.779999,383.61499,383.61499,26229400.0
2014-10-02,383.988007,385.497009,372.946014,375.071991,375.071991,21777700.0
2014-10-03,375.181,377.695007,357.859009,359.511993,359.511993,30901200.0
2014-10-04,359.891998,364.487,325.885986,328.865997,328.865997,47236500.0
2014-10-05,328.915985,341.800995,289.29599,320.51001,320.51001,83308096.0
2014-10-06,320.389008,345.134003,302.559998,330.07901,330.07901,79011800.0
2014-10-07,330.584015,339.247009,320.481995,336.187012,336.187012,49199900.0
2014-10-08,336.115997,354.364014,327.187988,352.940002,352.940002,54736300.0
2014-10-09,352.747986,382.726013,347.687012,365.026001,365.026001,83641104.0
2014-10-10,364.687012,375.066986,352.963013,361.562012,361.562012,43665700.0
2014-10-11,361.362,367.19101,355.950989,362.299011,362.299011,13345200.0
2014-10-12,362.605988,379.433014,356.144012,378.549011,378.549011,17552800.0
2014-10-13,377.92099,397.226013,368.897003,390.414001,390.414001,35221400.0
2014-10-14,391.691986,411.697998,391.324005,400.869995,400.869995,38491500.0
2014-10-15,400.954987,402.22699,388.765991,394.77301,394.77301,25267100.0
2014-10-16,394.518005,398.807007,373.070007,382.556,382.556,26990000.0
2014-10-17,382.756012,385.477997,375.389008,383.757996,383.757996,13600700.0
2014-10-18,383.976013,395.15799,378.971008,391.441986,391.441986,11416800.0
2014-10-19,391.253998,393.938995,386.457001,389.54599,389.54599,5914570.0
2014-10-20,389.230988,390.084015,378.252014,382.845001,382.845001,16419000.0
2014-10-21,382.42099,392.645996,380.834015,386.475006,386.475006,14188900.0
2014-10-22,386.118011,388.575989,382.248993,383.15799,383.15799,11641300.0
2014-10-23,382.962006,385.048004,356.446991,358.416992,358.416992,26456900.0
2014-10-24,358.591003,364.345001,353.304993,358.345001,358.345001,15585700.0
2014-10-25,358.610992,359.860992,342.877014,347.270996,347.270996,18127500.0
2014-10-26,347.487,359.221008,343.931,354.70401,354.70401,11272500.0
2014-10-27,354.777008,358.631989,349.80899,352.989014,352.989014,13033000.0
2014-10-28,353.214996,359.984009,352.678986,357.618011,357.618011,7845880.0
2014-10-29,357.088989,357.833008,335.342987,335.591003,335.591003,18192700.0
2014-10-30,335.709015,350.912994,335.071991,345.304993,345.304993,30177900.0
2014-10-31,345.009003,348.045013,337.141998,338.321014,338.321014,12545400.0
2014-11-01,338.649994,340.528992,321.054993,325.748993,325.748993,16677200.0
2014-11-02,326.075012,329.049988,320.626007,325.891998,325.891998,8603620.0
2014-11-03,325.569,334.002014,325.480988,327.553986,327.553986,12948500.0
2014-11-04,327.161011,331.766998,325.076996,330.492004,330.492004,15655500.0
2014-11-05,330.683014,343.368988,330.683014,339.485992,339.485992,19817200.0
2014-11-06,339.458008,352.966003,338.424011,349.290009,349.290009,18797000.0
2014-11-07,349.817993,352.731995,341.776001,342.415009,342.415009,16834200.0
2014-11-08,342.153992,347.032013,342.153992,345.488007,345.488007,8535470.0
2014-11-09,345.376007,363.626007,344.255005,363.264008,363.264008,24205600.0
2014-11-10,362.265015,374.81601,357.561005,366.924011,366.924011,30450100.0
2014-11-11,365.856995,371.309998,363.734985,367.695007,367.695007,15838900.0
2014-11-12,367.984985,429.717987,367.984985,423.561005,423.561005,45783200.0
2014-11-13,427.27301,457.092987,401.122986,420.734985,420.734985,58945000.0
2014-11-14,418.416992,419.252014,384.789001,397.817993,397.817993,29589200.0
2014-11-15,399.649994,405.528015,371.007996,376.132996,376.132996,15727500.0
2014-11-16,374.730011,390.799011,374.60199,387.881989,387.881989,11905600.0
2014-11-17,388.348999,410.199005,377.502014,387.40799,387.40799,41518800.0
2014-11-18,387.785004,392.402008,371.117004,375.197998,375.197998,32222500.0
2014-11-19,373.895996,386.480988,373.895996,380.554993,380.554993,18931800.0
2014-11-20,380.307007,382.024994,356.781006,357.839996,357.839996,25233200.0
2014-11-21,357.878998,357.878998,344.112,350.847992,350.847992,29850100.0
2014-11-22,351.604004,364.841003,350.877991,352.920013,352.920013,15273000.0
2014-11-23,353.174988,370.845001,353.174988,367.572998,367.572998,15151600.0
2014-11-24,366.947998,387.209015,366.669006,376.901001,376.901001,30930100.0
2014-11-25,376.885986,394.700989,374.783997,375.347992,375.347992,25442200.0
2014-11-26,376.019012,377.697998,365.81601,368.369995,368.369995,18601700.0
2014-11-27,370.502014,373.992004,368.282013,369.670013,369.670013,8748030.0
2014-11-28,369.373993,382.838013,358.454987,376.446991,376.446991,22946500.0
2014-11-29,376.152008,387.601013,372.144989,375.490997,375.490997,15375600.0
2014-11-30,375.51001,382.527008,373.30899,378.046997,378.046997,9194440.0
2014-12-01,378.248993,383.661987,376.669006,379.244995,379.244995,11763000.0
2014-12-02,379.25,384.037994,377.863007,381.315002,381.315002,12364100.0
2014-12-03,381.721985,383.026001,374.346008,375.01001,375.01001,13340100.0
2014-12-04,375.717987,378.654999,367.759003,369.604004,369.604004,14529600.0
2014-12-05,369.441986,379.191986,365.756012,376.854004,376.854004,15181800.0
2014-12-06,376.756989,378.447998,370.945007,374.785004,374.785004,7009320.0
2014-12-07,374.835999,376.291992,373.274994,375.095001,375.095001,6491650.0
2014-12-08,374.964996,376.028992,361.885986,361.908997,361.908997,18898700.0
2014-12-09,361.894989,363.066986,344.950989,352.218994,352.218994,32915500.0
2014-12-10,352.204987,352.384003,346.36499,346.36499,346.36499,16427700.0
2014-12-11,344.339996,361.356995,338.763,350.506012,350.506012,32431300.0
2014-12-12,350.833008,352.983002,349.290985,352.541992,352.541992,16989800.0
2014-12-13,352.381012,352.381012,346.588013,347.376007,347.376007,11675900.0
2014-12-14,346.72699,353.31601,345.417999,351.631989,351.631989,12415200.0
2014-12-15,351.360992,351.815002,344.93399,345.345001,345.345001,17264200.0
2014-12-16,345.673004,345.859009,327.062012,327.062012,327.062012,30864900.0
2014-12-17,326.855011,333.95401,315.152008,319.776001,319.776001,37567900.0
2014-12-18,319.785004,323.709015,304.231995,311.395996,311.395996,39173000.0
2014-12-19,311.178986,318.53299,306.769012,317.842987,317.842987,23823100.0
2014-12-20,317.618988,330.325012,316.044006,329.955994,329.955994,20856700.0
2014-12-21,329.542999,329.628998,318.903015,320.842987,320.842987,15207600.0
2014-12-22,321.067993,334.117004,320.424988,331.885986,331.885986,22315100.0
2014-12-23,332.016998,336.286987,329.60199,334.571991,334.571991,16574200.0
2014-12-24,334.38501,334.740997,321.356995,322.533997,322.533997,15092300.0
2014-12-25,322.286011,322.670013,316.958008,319.007996,319.007996,9883640.0
2014-12-26,319.152008,331.424011,316.627014,327.924011,327.924011,16410500.0
2014-12-27,327.583008,328.911011,312.630005,315.863007,315.863007,15185200.0
2014-12-28,316.160004,320.028015,311.078003,317.239014,317.239014,11676600.0
2014-12-29,317.700989,320.266998,312.307007,312.670013,312.670013,12302500.0
2014-12-30,312.718994,314.80899,309.372986,310.737,310.737,12528300.0
2014-12-31,310.914001,320.192993,310.210999,320.192993,320.192993,13942900.0
2015-01-01,320.434998,320.434998,314.002991,314.248993,314.248993,8036550.0
2015-01-02,314.07901,315.838989,313.565002,315.032013,315.032013,7860650.0
2015-01-03,314.846008,315.149994,281.082001,281.082001,281.082001,33054400.0
2015-01-04,281.145996,287.230011,257.612,264.195007,264.195007,55629100.0
2015-01-05,265.084015,278.341003,265.084015,274.473999,274.473999,43962800.0
2015-01-06,274.610992,287.553009,272.696014,286.188995,286.188995,23245700.0
2015-01-07,286.076996,298.753998,283.07901,294.337006,294.337006,24866800.0
2015-01-08,294.13501,294.13501,282.174988,283.348999,283.348999,19982500.0
2015-01-09,282.382996,291.114014,280.53299,290.40799,290.40799,18718600.0
2015-01-10,287.303009,288.127014,273.966003,274.79599,274.79599,15264300.0
2015-01-11,274.608002,279.638,265.039001,265.660004,265.660004,18200800.0
2015-01-12,266.145996,272.203003,265.200012,267.79599,267.79599,18880300.0
2015-01-13,267.394012,268.277008,219.906006,225.860992,225.860992,72843904.0
2015-01-14,223.893997,223.893997,171.509995,178.102997,178.102997,97638704.0
2015-01-15,176.897003,229.067001,176.897003,209.843994,209.843994,81773504.0
2015-01-16,209.070007,221.591003,199.770996,208.097,208.097,38421000.0
2015-01-17,207.834,211.731003,194.875,199.259995,199.259995,23469700.0
2015-01-18,200.050003,218.695007,194.505997,210.339005,210.339005,30085100.0
2015-01-19,211.470993,216.727997,207.317993,214.860992,214.860992,18658300.0
2015-01-20,212.906998,215.240997,205.153,211.315002,211.315002,24051100.0
2015-01-21,211.378006,227.787994,211.212006,226.897003,226.897003,29924600.0
2015-01-22,227.322006,237.018997,226.434006,233.406006,233.406006,33544600.0
2015-01-23,233.516998,234.845001,225.195999,232.878998,232.878998,24621700.0
2015-01-24,232.699997,248.210007,230.022003,247.847,247.847,24782500.0
2015-01-25,247.352005,255.074005,243.889999,253.718002,253.718002,33582700.0
2015-01-26,254.078995,309.384003,254.078995,273.472992,273.472992,106794000.0
2015-01-27,273.166992,275.480011,250.653,263.475006,263.475006,44399000.0
2015-01-28,263.351013,266.535004,227.046005,233.914993,233.914993,44352200.0
2015-01-29,233.348007,238.705994,220.712006,233.513,233.513,32213400.0
2015-01-30,232.772003,242.850998,225.839005,226.425003,226.425003,26605200.0
2015-01-31,226.440994,233.503998,216.309006,217.464005,217.464005,23348200.0
2015-02-01,216.867004,231.574005,212.014999,226.972,226.972,29128500.0
2015-02-02,226.490997,242.175003,222.658997,238.229004,238.229004,30612100.0
2015-02-03,237.453995,245.957001,224.483002,227.268005,227.268005,40783700.0
2015-02-04,227.511002,230.057999,221.113007,226.852997,226.852997,26594300.0
2015-02-05,227.664993,239.404999,214.725006,217.110992,217.110992,22516400.0
2015-02-06,216.923004,230.509995,216.231995,222.266006,222.266006,24435300.0
2015-02-07,222.632996,230.298996,222.606995,227.753998,227.753998,21604200.0
2015-02-08,227.692993,229.438004,221.076996,223.412003,223.412003,17145200.0
2015-02-09,223.389008,223.977005,217.018997,220.110001,220.110001,27791300.0
2015-02-10,220.281998,221.807007,215.332001,219.839005,219.839005,21115100.0
2015-02-11,219.731995,223.406006,218.074005,219.184998,219.184998,17201900.0
2015-02-12,219.207993,222.199005,217.613998,221.764008,221.764008,15206200.0
2015-02-13,221.968994,240.259003,221.261993,235.427002,235.427002,42744400.0
2015-02-14,235.528,259.808014,235.528,257.321014,257.321014,49732500.0
2015-02-15,257.506989,265.610992,227.684006,234.824997,234.824997,56552400.0
2015-02-16,234.824997,239.520996,229.022003,233.843002,233.843002,28153700.0
2015-02-17,233.421997,245.774994,232.313995,243.610001,243.610001,27363100.0
2015-02-18,243.779999,244.251007,232.339996,236.326004,236.326004,25200800.0
2015-02-19,236.410004,242.671997,235.591995,240.283005,240.283005,18270500.0
2015-02-20,240.251007,247.100998,239.298996,243.779007,243.779007,23876700.0
2015-02-21,243.751999,255.320007,243.184006,244.533997,244.533997,12284200.0
2015-02-22,244.544006,246.391998,233.850998,235.977005,235.977005,19527000.0
2015-02-23,235.994995,240.108994,232.421005,238.891998,238.891998,16400000.0
2015-02-24,238.998001,239.901001,236.401993,238.735001,238.735001,14200400.0
2015-02-25,238.889999,239.339996,235.529999,237.470001,237.470001,11496200.0
2015-02-26,237.337006,237.710007,234.257004,236.425995,236.425995,13619400.0
2015-02-27,236.436005,256.653015,236.436005,253.828003,253.828003,44013900.0
2015-02-28,253.520004,254.692001,249.479004,254.263,254.263,13949300.0
2015-03-01,254.283005,261.660004,245.932999,260.201996,260.201996,25213700.0
2015-03-02,260.356995,276.300995,258.312988,275.670013,275.670013,40465700.0
2015-03-03,275.04599,285.79599,268.161011,281.701996,281.701996,50461300.0
2015-03-04,281.98999,284.225006,268.126007,273.09201,273.09201,41383000.0
2015-03-05,272.739014,281.666992,264.769012,276.178009,276.178009,41302400.0
2015-03-06,275.600006,277.608002,270.015015,272.722992,272.722992,28918900.0
2015-03-07,272.294006,277.854004,270.132996,276.260986,276.260986,17825900.0
2015-03-08,276.433014,277.858002,272.565002,274.354004,274.354004,22067900.0
2015-03-09,274.812012,292.700989,273.893005,289.606995,289.606995,59178200.0
2015-03-10,289.862,300.044006,289.743011,291.76001,291.76001,67770800.0
2015-03-11,291.524994,297.390991,290.507996,296.378998,296.378998,33963900.0
2015-03-12,296.127014,297.088013,292.412994,294.354004,294.354004,32585200.0
2015-03-13,294.118011,294.497986,285.337006,285.337006,285.337006,31421500.0
2015-03-14,284.441986,286.34201,280.976013,281.88501,281.88501,22612300.0
2015-03-15,281.424988,286.528992,280.996002,286.393005,286.393005,11970100.0
2015-03-16,285.684998,294.112,285.684998,290.592987,290.592987,21516100.0
2015-03-17,290.595001,292.36499,284.373993,285.505005,285.505005,21497200.0
2015-03-18,285.066986,285.335999,249.869995,256.299011,256.299011,57008000.0
2015-03-19,255.880005,264.243988,248.636002,260.928009,260.928009,52732000.0
2015-03-20,260.955994,264.847992,259.161987,261.748993,261.748993,18456700.0
2015-03-21,261.644012,262.196014,255.649994,260.024994,260.024994,17130100.0
2015-03-22,259.916992,269.747009,259.589996,267.959991,267.959991,18438100.0
2015-03-23,267.894989,277.296997,261.744995,266.73999,266.73999,22811900.0
2015-03-24,266.576996,267.002991,244.154999,245.595001,245.595001,40073700.0
2015-03-25,247.472,249.190002,236.514999,246.197006,246.197006,35866900.0
2015-03-26,246.276001,254.354004,244.904999,248.531998,248.531998,25730000.0
2015-03-27,248.565994,256.811005,245.212997,247.029007,247.029007,17274900.0
2015-03-28,246.975006,254.205002,246.975006,252.798004,252.798004,16040900.0
2015-03-29,252.740005,253.139008,240.850006,242.712997,242.712997,21699400.0
2015-03-30,242.878998,249.242004,239.214005,247.526001,247.526001,23009600.0
2015-03-31,247.453995,248.729996,242.738998,244.223999,244.223999,22672000.0
2015-04-01,244.223007,247.541,241.160004,247.272003,247.272003,22877200.0
2015-04-02,247.089005,254.460999,245.416,253.005005,253.005005,26272600.0
2015-04-03,253.074005,256.042999,251.878998,254.322006,254.322006,23146600.0
2015-04-04,254.291,255.257996,251.100006,253.697006,253.697006,12493500.0
2015-04-05,253.761002,260.674988,251.942001,260.597992,260.597992,19649200.0
2015-04-06,260.721008,261.798004,254.574997,255.492004,255.492004,20034200.0
2015-04-07,255.274002,255.804993,252.205002,253.179993,253.179993,18467400.0
2015-04-08,253.063995,253.847,244.214996,245.022003,245.022003,30086400.0
2015-04-09,244.751007,246.117996,239.399994,243.675995,243.675995,21643500.0
2015-04-10,243.694,243.694,232.770996,236.072006,236.072006,28882000.0
2015-04-11,236.016006,239.537003,234.175003,236.552002,236.552002,16365200.0
2015-04-12,236.535004,237.727997,233.494995,236.153,236.153,12387900.0
2015-04-13,235.949997,236.934998,221.996002,224.587006,224.587006,31181800.0
2015-04-14,224.759003,224.975998,216.322998,219.158997,219.158997,31719000.0
2015-04-15,219.072998,223.832993,218.649002,223.832993,223.832993,22562000.0
2015-04-16,223.917007,229.671997,223.917007,228.572998,228.572998,24805400.0
2015-04-17,228.574997,228.906006,221.942001,222.882004,222.882004,20429800.0
2015-04-18,222.852997,224.315994,220.876007,223.356003,223.356003,12939000.0
2015-04-19,223.455994,226.352997,222.373001,222.600006,222.600006,15021500.0
2015-04-20,222.612,226.350998,221.977005,224.626007,224.626007,18364700.0
2015-04-21,224.619995,235.268997,224.300995,235.268997,235.268997,24978000.0
2015-04-22,235.602005,237.908997,233.475998,234.175995,234.175995,23847900.0
2015-04-23,234.052994,236.475006,233.199005,236.462006,236.462006,17036000.0
2015-04-24,235.970001,236.304993,229.932999,231.268005,231.268005,21448700.0
2015-04-25,231.235001,232.561005,226.337006,226.389999,226.389999,13957200.0
2015-04-26,226.410004,226.944,214.873993,219.429993,219.429993,28943700.0
2015-04-27,219.429001,233.304993,218.022995,229.285995,229.285995,38574000.0
2015-04-28,228.968994,229.494995,223.069,225.854996,225.854996,21469200.0
2015-04-29,225.591003,227.039993,223.429993,225.807999,225.807999,18936500.0
2015-04-30,225.692993,239.563004,224.992996,236.145004,236.145004,33818600.0
2015-05-01,235.938995,238.966003,232.078995,232.078995,232.078995,18815300.0
2015-05-02,232.341003,235.727005,232.341003,234.929993,234.929993,12535500.0
2015-05-03,234.880005,243.240005,234.082993,240.358002,240.358002,18494100.0
2015-05-04,240.356003,242.638,237.809998,239.018005,239.018005,21223400.0
2015-05-05,238.852005,239.203995,232.054001,236.121002,236.121002,23929100.0
2015-05-06,236.248993,236.453995,229.231003,229.781998,229.781998,29587200.0
2015-05-07,229.662003,239.104996,228.572998,237.334,237.334,29064400.0
2015-05-08,237.203995,246.274994,236.274002,243.863007,243.863007,27445500.0
2015-05-09,243.768997,247.804001,239.639008,241.832001,241.832001,19790500.0
2015-05-10,241.729004,244.067993,238.848999,240.296005,240.296005,15019100.0
2015-05-11,240.298996,244.270004,239.376007,242.158005,242.158005,20892300.0
2015-05-12,242.145004,242.880997,240.098999,241.112,241.112,19282600.0
2015-05-13,241.397995,243.703995,235.044998,236.376999,236.376999,27180100.0
2015-05-14,236.214005,237.798996,234.057007,236.929001,236.929001,24413700.0
2015-05-15,236.955002,238.753006,236.794998,237.604996,237.604996,16329400.0
2015-05-16,237.643997,237.697006,235.294998,236.153,236.153,11089700.0
2015-05-17,236.009995,238.024994,236.009995,236.802002,236.802002,11134300.0
2015-05-18,236.886993,237.210007,232.460007,233.128006,233.128006,16780300.0
2015-05-19,233.037003,234.151001,231.817001,231.947006,231.947006,14241900.0
2015-05-20,231.889999,234.682999,231.841995,234.018005,234.018005,15499400.0
2015-05-21,234.016006,236.242004,233.835007,235.343994,235.343994,15108900.0
2015-05-22,235.320999,240.968994,235.059998,240.348007,240.348007,27003000.0
2015-05-23,240.285995,241.024994,238.690994,238.871994,238.871994,14605000.0
2015-05-24,238.975998,241.977997,238.811005,240.953003,240.953003,11508000.0
2015-05-25,240.927002,241.020996,236.636993,237.110001,237.110001,14423900.0
2015-05-26,237.104004,238.242004,235.692001,237.115997,237.115997,16425000.0
2015-05-27,237.065002,238.636002,236.695007,237.283005,237.283005,18837000.0
2015-05-28,237.257004,237.824005,236.651993,237.408005,237.408005,13829600.0
2015-05-29,237.376999,237.522003,235.731003,237.095993,237.095993,14805000.0
2015-05-30,237.091995,237.093002,232.046005,233.345001,233.345001,14098600.0
2015-05-31,233.134995,233.251999,229.542007,230.190002,230.190002,14730800.0
2015-06-01,230.233002,231.712997,221.296005,222.925995,222.925995,26090500.0
2015-06-02,222.893997,226.416,222.419006,225.802994,225.802994,20459000.0
2015-06-03,225.735992,227.404007,223.929993,225.873993,225.873993,17752400.0
2015-06-04,225.772003,226.580994,224.054001,224.324005,224.324005,14728100.0
2015-06-05,224.154007,225.968002,223.179001,224.951996,224.951996,18056500.0
2015-06-06,225.005005,225.718994,224.378998,225.619003,225.619003,11131500.0
2015-06-07,225.595993,226.194,222.651993,222.880997,222.880997,13318400.0
2015-06-08,222.878998,229.464005,222.839005,228.488998,228.488998,23378400.0
2015-06-09,228.537994,230.953995,227.929001,229.048004,229.048004,28353100.0
2015-06-10,228.994995,229.781998,228.009995,228.802994,228.802994,15904800.0
2015-06-11,228.854996,230.287003,228.766998,229.705002,229.705002,14416000.0
2015-06-12,229.705002,231.057007,229.313004,229.981995,229.981995,14017700.0
2015-06-13,229.919998,232.651993,229.210007,232.401993,232.401993,13305300.0
2015-06-14,232.442001,234.858002,232.003998,233.542999,233.542999,12165900.0
2015-06-15,233.421997,237.835999,233.421997,236.822998,236.822998,19912100.0
2015-06-16,236.764999,251.742004,236.121994,250.895004,250.895004,41612000.0
2015-06-17,250.822998,256.852997,246.475998,249.283997,249.283997,43858400.0
2015-06-18,249.427994,252.108002,244.126999,249.007004,249.007004,30980200.0
2015-06-19,249.042999,250.977005,243.787003,244.606003,244.606003,23965300.0
2015-06-20,244.529999,245.828003,240.626999,245.212006,245.212006,20608100.0
2015-06-21,245.100006,245.223999,241.882004,243.944,243.944,10600900.0
2015-06-22,243.968994,247.917007,243.779007,246.990005,246.990005,17692500.0
2015-06-23,246.927002,247.304001,243.132996,244.296005,244.296005,15108700.0
2015-06-24,244.281998,244.341003,240.514999,240.514999,240.514999,17344900.0
2015-06-25,240.365005,243.332001,240.365005,242.798996,242.798996,16133100.0
2015-06-26,242.604004,243.748993,241.552994,243.593994,243.593994,13983500.0
2015-06-27,243.548996,251.339005,243.117004,250.990005,250.990005,20488600.0
2015-06-28,250.955002,251.171997,247.434006,249.011002,249.011002,15137600.0
2015-06-29,248.720993,257.173004,248.580994,257.063995,257.063995,34742900.0
2015-06-30,257.036011,267.867004,255.945999,263.071991,263.071991,44533800.0
2015-07-01,263.345001,265.171997,255.774002,258.621002,258.621002,27029800.0
2015-07-02,258.552002,261.631012,254.115997,255.412003,255.412003,21551900.0
2015-07-03,255.459,257.076996,253.505005,256.335999,256.335999,19033800.0
2015-07-04,256.490997,261.457001,254.199997,260.885986,260.885986,15620400.0
2015-07-05,260.804993,274.506012,258.700989,271.912994,271.912994,44156100.0
2015-07-06,271.108002,277.421997,267.600006,269.029999,269.029999,49154800.0
2015-07-07,269.963013,271.341003,264.832001,266.207001,266.207001,28857600.0
2015-07-08,265.981995,272.971008,264.385986,270.785004,270.785004,36980200.0
2015-07-09,270.826996,272.334991,267.085999,269.227997,269.227997,40301200.0
2015-07-10,269.156006,294.591003,268.802002,284.894012,284.894012,100390000.0
2015-07-11,284.880005,298.506012,283.529999,293.11499,293.11499,41109900.0
2015-07-12,293.140015,314.394012,292.505005,310.867004,310.867004,56405000.0
2015-07-13,310.826996,310.947998,281.010986,292.053986,292.053986,62053900.0
2015-07-14,292.033997,296.147003,286.638,287.463989,287.463989,28727200.0
2015-07-15,288.045013,293.247986,285.367004,285.82901,285.82901,27486600.0
2015-07-16,286.041992,291.183014,275.23999,278.088989,278.088989,49482600.0
2015-07-17,278.091003,280.279999,272.042999,279.471985,279.471985,27591400.0
2015-07-18,279.330994,282.527008,274.075012,274.901001,274.901001,25187100.0
2015-07-19,274.766998,275.670013,272.513,273.614014,273.614014,15332500.0
2015-07-20,273.498993,278.980988,272.959991,278.980988,278.980988,22711400.0
2015-07-21,278.881989,280.546997,275.419006,275.833008,275.833008,22930700.0
2015-07-22,275.657013,277.665985,274.381012,277.221985,277.221985,19389800.0
2015-07-23,277.341003,278.110992,275.716003,276.049011,276.049011,18531300.0
2015-07-24,276.005005,289.252991,275.253998,288.278015,288.278015,37199400.0
2015-07-25,288.164001,290.733002,286.002014,288.696991,288.696991,20662200.0
2015-07-26,288.640015,293.052002,287.705994,292.686005,292.686005,16032300.0
2015-07-27,292.639008,297.773987,287.450012,293.623993,293.623993,30592000.0
2015-07-28,293.632996,296.648987,293.423004,294.427002,294.427002,25453600.0
2015-07-29,294.484009,294.536011,288.777008,289.589996,289.589996,24672600.0
2015-07-30,289.102997,290.126007,286.567993,287.721985,287.721985,21635800.0
2015-07-31,287.696014,288.959015,282.343994,284.649994,284.649994,23629100.0
2015-08-01,284.686005,284.932007,278.112,281.601013,281.601013,18995000.0
2015-08-02,280.449005,283.032013,277.528992,282.614014,282.614014,17722200.0
2015-08-03,282.806,285.471008,280.233002,281.22699,281.22699,21474100.0
2015-08-04,281.225006,285.714996,281.225006,285.217987,285.217987,21908700.0
2015-08-05,284.846985,285.501007,281.488007,281.881989,281.881989,20128000.0
2015-08-06,281.906006,281.906006,278.403015,278.576996,278.576996,18792100.0
2015-08-07,278.740997,280.391998,276.365997,279.584991,279.584991,42484800.0
2015-08-08,279.742004,279.928009,260.709991,260.997009,260.997009,58533000.0
2015-08-09,261.115997,267.002991,260.467987,265.083008,265.083008,23789600.0
2015-08-10,265.477997,267.032013,262.596008,264.470001,264.470001,20979400.0
2015-08-11,264.34201,270.385986,264.093994,270.385986,270.385986,25433900.0
2015-08-12,270.597992,270.673004,265.468994,266.376007,266.376007,26815400.0
2015-08-13,266.183014,266.231995,262.841003,264.079987,264.079987,27685500.0
2015-08-14,264.131989,267.466003,261.477997,265.679993,265.679993,27091200.0
2015-08-15,265.528992,266.666992,261.29599,261.550995,261.550995,19321100.0
2015-08-16,261.865997,262.440002,257.040985,258.506989,258.506989,29717000.0
2015-08-17,258.48999,260.505005,257.117004,257.976013,257.976013,21617900.0
2015-08-18,257.925995,257.993011,211.078995,211.078995,211.078995,42147200.0
2015-08-19,225.671005,237.408997,222.766006,226.684006,226.684006,60869200.0
2015-08-20,226.899002,237.365005,226.899002,235.350006,235.350006,32275000.0
2015-08-21,235.354996,236.432007,231.723999,232.569,232.569,23173800.0
2015-08-22,232.662003,234.957001,222.703995,230.389999,230.389999,23205900.0
2015-08-23,230.376007,232.705002,225.580002,228.169006,228.169006,18406600.0
2015-08-24,228.112,228.139008,210.442993,210.494995,210.494995,59220700.0
2015-08-25,210.067993,226.320999,199.567001,221.608994,221.608994,61089200.0
2015-08-26,222.076004,231.182999,220.203995,225.830994,225.830994,31808000.0
2015-08-27,226.050003,228.643005,223.684006,224.768997,224.768997,21905400.0
2015-08-28,224.701004,235.218994,220.925995,231.395996,231.395996,31336600.0
2015-08-29,231.548996,233.222,227.330002,229.779999,229.779999,17142500.0
2015-08-30,229.895004,232.067993,226.246994,228.761002,228.761002,19412600.0
2015-08-31,229.113998,231.955994,225.914993,230.056,230.056,20710700.0
2015-09-01,230.255997,231.216003,226.860001,228.121002,228.121002,20575200.0
2015-09-02,228.026993,230.576996,226.475006,229.283997,229.283997,18760400.0
2015-09-03,229.324005,229.604996,226.667007,227.182999,227.182999,17482000.0
2015-09-04,227.214996,230.899994,227.050995,230.298004,230.298004,20962400.0
2015-09-05,230.199005,236.143005,229.442993,235.018997,235.018997,20671400.0
2015-09-06,234.869995,242.912003,234.681,239.839996,239.839996,25473700.0
2015-09-07,239.934006,242.106003,238.722,239.847,239.847,21192200.0
2015-09-08,239.845993,245.781006,239.677994,243.606995,243.606995,26879200.0
2015-09-09,243.414993,244.416,237.820999,238.167999,238.167999,23635700.0
2015-09-10,238.335999,241.292999,235.791,238.477005,238.477005,21215500.0
2015-09-11,238.328995,241.169006,238.328995,240.106995,240.106995,19224700.0
2015-09-12,239.854996,240.123993,234.753998,235.229004,235.229004,17962600.0
2015-09-13,235.242004,235.934998,229.332001,230.511993,230.511993,18478800.0
2015-09-14,230.608994,232.440002,227.960999,230.643997,230.643997,20997800.0
2015-09-15,230.492004,259.182007,229.822006,230.304001,230.304001,19177800.0
2015-09-16,230.25,231.214996,227.401993,229.091003,229.091003,20144200.0
2015-09-17,229.076004,230.285004,228.925995,229.809998,229.809998,18935400.0
2015-09-18,233.520996,234.352997,232.184998,232.975006,232.975006,20242200.0
2015-09-19,232.858002,233.205002,231.089005,231.492996,231.492996,12712600.0
2015-09-20,231.399002,232.365005,230.910004,231.212006,231.212006,14444700.0
2015-09-21,231.216995,231.216995,226.520996,227.085007,227.085007,19678800.0
2015-09-22,226.968994,232.386002,225.117004,230.617996,230.617996,25009300.0
2015-09-23,230.936005,231.835007,229.591003,230.283005,230.283005,17254100.0
2015-09-24,230.358002,235.649002,230.294998,234.529007,234.529007,25097800.0
2015-09-25,234.362,237.427002,233.684006,235.143997,235.143997,22363600.0
2015-09-26,235.076004,235.403,233.358002,234.339996,234.339996,13724100.0
2015-09-27,234.139008,234.526001,232.475998,232.757004,232.757004,14179900.0
2015-09-28,232.835999,239.339005,232.466995,239.141998,239.141998,24713000.0
2015-09-29,239.016006,239.802002,235.927994,236.686996,236.686996,22691300.0
2015-09-30,236.639999,237.733994,235.628998,236.059998,236.059998,19743500.0
2015-10-01,236.003998,238.445007,235.615997,237.548996,237.548996,20488800.0
2015-10-02,237.264008,238.541,236.602997,237.292999,237.292999,19677900.0
2015-10-03,237.201996,239.315002,236.944,238.729996,238.729996,16482700.0
2015-10-04,238.531006,238.968002,237.940002,238.259003,238.259003,12999000.0
2015-10-05,238.147003,240.382996,237.035004,240.382996,240.382996,23335900.0
2015-10-06,240.363998,246.934998,240.136002,246.063004,246.063004,27535100.0
2015-10-07,246.169998,246.681,242.585007,242.968994,242.968994,22999200.0
2015-10-08,243.074997,244.251007,242.179001,242.304001,242.304001,18515300.0
2015-10-09,242.498001,244.227997,242.121994,243.931,243.931,17353100.0
2015-10-10,243.740005,245.319,243.074005,244.940994,244.940994,15912700.0
2015-10-11,244.742004,247.242996,244.151993,247.050003,247.050003,16827300.0
2015-10-12,246.875,247.453995,245.179001,245.307999,245.307999,17388300.0
2015-10-13,245.199997,250.235992,243.757004,249.507996,249.507996,28198500.0
2015-10-14,249.492996,254.274994,248.903,251.988998,251.988998,27462600.0
2015-10-15,252.106995,255.962006,252.046005,254.320007,254.320007,25223500.0
2015-10-16,254.296005,266.13501,253.925995,262.868988,262.868988,35901500.0
2015-10-17,262.747009,273.578003,262.367004,270.640015,270.640015,43199600.0
2015-10-18,270.907013,271.667999,260.777008,261.643005,261.643005,22434300.0
2015-10-19,261.860992,264.820007,260.950989,263.437012,263.437012,25258800.0
2015-10-20,263.571991,270.834991,263.22699,269.463013,269.463013,30889800.0
2015-10-21,269.306,270.769989,263.838989,266.272003,266.272003,25637300.0
2015-10-22,266.496002,276.51001,266.13501,274.02301,274.02301,37808600.0
2015-10-23,273.648987,278.68399,273.542999,276.496002,276.496002,29442500.0
2015-10-24,276.503998,281.705994,276.503998,281.653992,281.653992,25942400.0
2015-10-25,281.445007,294.05899,281.445007,283.679993,283.679993,45717100.0
2015-10-26,283.627991,285.299988,280.51001,285.299988,285.299988,32108800.0
2015-10-27,285.181,296.212006,285.007996,293.787994,293.787994,46331800.0
2015-10-28,293.703003,306.330994,293.703003,304.618011,304.618011,50808100.0
2015-10-29,304.324005,318.170013,301.822998,313.855011,313.855011,64495900.0
2015-10-30,313.942993,334.169006,313.940002,328.015015,328.015015,78305000.0
2015-10-31,328.511993,332.777008,309.251007,314.165985,314.165985,48598100.0
2015-11-01,315.005005,327.471985,311.881012,325.431,325.431,37001100.0
2015-11-02,325.941986,365.359985,323.209015,361.188995,361.188995,101918000.0
2015-11-03,361.872986,417.899994,357.647003,403.416992,403.416992,206162000.0
2015-11-04,403.664001,495.562012,380.548004,411.562988,411.562988,263900000.0
2015-11-05,408.076996,447.561005,374.580994,386.354004,386.354004,151824992.0
2015-11-06,388.046997,395.835999,354.024994,374.470001,374.470001,122687000.0
2015-11-07,374.269012,390.585999,372.433014,386.481995,386.481995,56625100.0
2015-11-08,384.278015,389.894989,368.700012,373.368011,373.368011,51817600.0
2015-11-09,374.324005,385.278015,362.894989,380.256989,380.256989,68224400.0
2015-11-10,379.984009,381.386993,329.108002,336.819,336.819,95797904.0
2015-11-11,339.820007,340.584991,300.997009,311.084015,311.084015,107070000.0
2015-11-12,314.07901,345.080994,313.355988,338.152008,338.152008,78477800.0
2015-11-13,338.497986,340.914001,326.075012,336.752991,336.752991,52003000.0
2015-11-14,336.623993,338.181,329.970001,332.906006,332.906006,38612000.0
2015-11-15,333.050995,334.661987,317.48999,320.165985,320.165985,44213100.0
2015-11-16,319.734985,331.626007,315.904999,330.751007,330.751007,47980100.0
2015-11-17,330.362,338.350006,329.614014,335.093994,335.093994,51001600.0
2015-11-18,334.592987,336.531006,330.640015,334.589996,334.589996,43783800.0
2015-11-19,334.678986,335.334015,325.27301,326.148987,326.148987,45011100.0
2015-11-20,326.411011,326.472992,312.21701,322.022003,322.022003,53152900.0
2015-11-21,322.09201,328.158997,319.595001,326.927002,326.927002,28200500.0
2015-11-22,326.975006,327.01001,321.259003,324.536011,324.536011,23439400.0
2015-11-23,324.350006,325.118011,321.290009,323.04599,323.04599,27478900.0
2015-11-24,323.014008,323.058014,318.118011,320.04599,320.04599,29362600.0
2015-11-25,320.045013,329.134003,316.769989,328.205994,328.205994,41666900.0
2015-11-26,328.303009,366.756989,328.229004,352.68399,352.68399,106105000.0
2015-11-27,351.860992,363.588989,347.869995,358.041992,358.041992,55179100.0
2015-11-28,357.140991,359.536011,352.171997,357.381012,357.381012,36816600.0
2015-11-29,357.471985,371.938995,355.665985,371.294006,371.294006,40409300.0
2015-11-30,371.437012,382.363007,370.382996,377.321014,377.321014,71701600.0
2015-12-01,377.414001,378.931,356.562988,362.488007,362.488007,60452200.0
2015-12-02,361.845001,362.231995,349.464996,359.187012,359.187012,54160500.0
2015-12-03,359.330994,370.274994,357.411987,361.04599,361.04599,50714900.0
2015-12-04,361.261993,363.515991,355.756989,363.183014,363.183014,35784100.0
2015-12-05,363.721008,389.785004,363.229004,388.949005,388.949005,66282200.0
2015-12-06,389.554993,402.80899,387.088989,388.78299,388.78299,77762000.0
2015-12-07,389.977997,399.968994,385.411011,395.536011,395.536011,63455800.0
2015-12-08,395.753998,415.562988,389.950012,415.562988,415.562988,57801400.0
2015-12-09,414.44101,423.119995,406.290985,417.562988,417.562988,90917200.0
2015-12-10,417.988007,419.509003,411.548004,415.479004,415.479004,52138900.0
2015-12-11,415.281006,451.937988,415.281006,451.937988,451.937988,110944000.0
2015-12-12,452.334991,469.102997,410.740997,434.997009,434.997009,131969000.0
2015-12-13,431.660004,441.679993,426.268005,433.755005,433.755005,55050600.0
2015-12-14,433.272003,447.141998,430.455994,444.182007,444.182007,130496000.0
2015-12-15,443.877991,465.321014,443.877991,465.321014,465.321014,83121104.0
2015-12-16,465.208008,465.208008,443.851013,454.93399,454.93399,107944000.0
2015-12-17,454.777008,457.859985,448.858002,456.078003,456.078003,47978400.0
2015-12-18,455.846985,465.177002,454.940002,463.615997,463.615997,60220100.0
2015-12-19,463.552002,465.580994,456.765015,462.321991,462.321991,47892700.0
2015-12-20,462.234009,462.644989,434.338013,442.684998,442.684998,75409400.0
2015-12-21,442.838013,444.729004,427.312012,438.639008,438.639008,77639696.0
2015-12-22,437.436005,443.687988,435.515991,436.571991,436.571991,50840400.0
2015-12-23,436.720001,444.528992,436.618988,442.401001,442.401001,47161400.0
2015-12-24,443.091003,458.455994,443.076996,454.984985,454.984985,57157200.0
2015-12-25,454.855011,458.304993,452.075012,455.653015,455.653015,39078500.0
2015-12-26,455.756012,457.489014,405.76001,417.273987,417.273987,116166000.0
2015-12-27,416.514008,424.006989,408.882996,422.822998,422.822998,53591200.0
2015-12-28,423.342987,429.769012,418.480988,422.278992,422.278992,49638600.0
2015-12-29,422.097992,432.983002,420.627014,432.983002,432.983002,51596500.0
2015-12-30,433.299988,434.386993,422.084015,426.619995,426.619995,46889400.0
2015-12-31,425.875,432.92099,418.734985,430.566986,430.566986,45996600.0
2016-01-01,430.721008,436.246002,427.515015,434.334015,434.334015,36278900.0
2016-01-02,434.622009,436.062012,431.869995,433.437988,433.437988,30096600.0
2016-01-03,433.578003,433.743011,424.705994,430.010986,430.010986,39633800.0
2016-01-04,430.061005,434.516998,429.084015,433.091003,433.091003,38477500.0
2016-01-05,433.069,434.182007,429.675995,431.959991,431.959991,34522600.0
2016-01-06,431.855988,431.855988,426.341003,429.105011,429.105011,34042500.0
2016-01-07,430.010986,458.765991,429.076996,458.048004,458.048004,87562200.0
2016-01-08,457.537994,462.93399,447.937988,453.230011,453.230011,56993000.0
2016-01-09,453.382996,454.640015,446.889008,447.610992,447.610992,32278000.0
2016-01-10,448.238007,448.30899,440.351013,447.990997,447.990997,35995900.0
2016-01-11,448.697998,450.661987,443.855011,448.428009,448.428009,40450000.0
2016-01-12,448.182007,448.182007,435.690002,435.690002,435.690002,115607000.0
2016-01-13,434.665009,435.186005,424.442993,432.371002,432.371002,173888000.0
2016-01-14,432.287994,433.324005,427.845001,430.306,430.306,43945500.0
2016-01-15,430.255005,430.255005,364.330994,364.330994,364.330994,153351008.0
2016-01-16,365.072998,390.557007,354.914001,387.536011,387.536011,120352000.0
2016-01-17,387.152008,390.964996,380.09201,382.299011,382.299011,45319600.0
2016-01-18,381.733002,388.104004,376.665009,387.167999,387.167999,54403900.0
2016-01-19,387.026001,387.730011,378.971985,380.148987,380.148987,46819800.0
2016-01-20,379.73999,425.266998,376.598999,420.230011,420.230011,121720000.0
2016-01-21,419.631989,422.877014,406.299988,410.261993,410.261993,68338000.0
2016-01-22,409.751007,410.410004,375.282013,382.492004,382.492004,91546600.0
2016-01-23,382.43399,394.542999,381.980988,387.490997,387.490997,56247400.0
2016-01-24,388.10199,405.484985,387.51001,402.971008,402.971008,54824800.0
2016-01-25,402.316986,402.316986,388.553986,391.726013,391.726013,59062400.0
2016-01-26,392.002014,397.765991,390.575012,392.153015,392.153015,58147000.0
2016-01-27,392.444,396.842987,391.782013,394.971985,394.971985,47424400.0
2016-01-28,395.145996,395.502014,379.734985,380.289001,380.289001,59247900.0
2016-01-29,380.108002,384.378998,365.451996,379.473999,379.473999,86125296.0
2016-01-30,378.86499,380.916992,376.490997,378.255005,378.255005,30284400.0
2016-01-31,378.292999,380.346985,367.834991,368.766998,368.766998,37894300.0
2016-02-01,369.350006,378.071991,367.957001,373.056,373.056,51656700.0
2016-02-02,372.920013,375.882996,372.920013,374.447998,374.447998,40378700.0
2016-02-03,374.645996,374.950012,368.045013,369.949005,369.949005,45933400.0
2016-02-04,370.174011,391.608002,369.993011,389.593994,389.593994,69285504.0
2016-02-05,388.89801,391.093994,385.571991,386.549011,386.549011,43825000.0
2016-02-06,386.588989,386.631012,372.386993,376.522003,376.522003,49249300.0
2016-02-07,376.514008,380.871002,374.903015,376.619995,376.619995,37076300.0
2016-02-08,376.756989,379.878998,373.334015,373.446991,373.446991,47671100.0
2016-02-09,373.423004,377.246002,372.89801,376.028992,376.028992,55318500.0
2016-02-10,376.145996,385.483002,375.78299,381.648987,381.648987,85130896.0
2016-02-11,382.114014,383.130005,376.398987,379.653992,379.653992,74375600.0
2016-02-12,379.686005,384.95401,379.600006,384.263,384.263,67042800.0
2016-02-13,384.640991,391.859985,384.640991,391.859985,391.859985,61911700.0
2016-02-14,392.932007,407.230011,392.932007,407.230011,407.230011,74469800.0
2016-02-15,407.567993,410.381012,397.748993,400.184998,400.184998,74070496.0
2016-02-16,401.432007,408.945007,401.432007,407.488007,407.488007,73093104.0
2016-02-17,407.656006,421.166992,406.783997,416.321991,416.321991,83193600.0
2016-02-18,416.571991,425.996002,415.638,422.372986,422.372986,76752600.0
2016-02-19,422.730011,423.104004,417.604004,420.785004,420.785004,55711300.0
2016-02-20,421.601013,441.984009,421.601013,437.164001,437.164001,93992096.0
2016-02-21,437.77301,448.04599,429.076996,438.798004,438.798004,89820704.0
2016-02-22,438.989014,439.045013,432.916992,437.747986,437.747986,85385200.0
2016-02-23,438.255005,439.858002,417.821014,420.735992,420.735992,85244896.0
2016-02-24,420.955994,425.549988,413.907013,424.954987,424.954987,67743696.0
2016-02-25,425.036987,427.718994,420.415009,424.544006,424.544006,70798000.0
2016-02-26,424.628998,432.152008,421.619995,432.152008,432.152008,61486000.0
2016-02-27,432.838989,434.230988,428.102997,432.519012,432.519012,41893600.0
2016-02-28,432.571014,435.683014,423.820007,433.503998,433.503998,53033400.0
2016-02-29,433.437988,441.506989,431.692993,437.696991,437.696991,60694700.0
2016-03-01,437.916992,439.653015,432.319,435.122986,435.122986,74895800.0
2016-03-02,435.131012,435.916992,423.989014,423.989014,423.989014,74955296.0
2016-03-03,423.911987,425.372986,419.411011,421.651001,421.651001,100484000.0
2016-03-04,421.835999,425.178009,410.938995,410.938995,410.938995,90856096.0
2016-03-05,410.781006,411.256989,394.035004,400.570007,400.570007,135384992.0
2016-03-06,400.524994,411.907013,395.778015,407.707001,407.707001,91212496.0
2016-03-07,407.756989,415.916992,406.30899,414.321014,414.321014,85762400.0
2016-03-08,414.464996,416.243011,411.093994,413.971985,413.971985,70311696.0
2016-03-09,413.894012,416.032013,411.605988,414.859985,414.859985,70012304.0
2016-03-10,414.743988,417.511993,413.251007,417.131012,417.131012,81022896.0
2016-03-11,417.238007,423.925995,417.013,421.690002,421.690002,73969696.0
2016-03-12,421.605011,421.795013,410.093994,411.623993,411.623993,92712896.0
2016-03-13,411.64801,416.604004,411.641998,414.065002,414.065002,74322800.0
2016-03-14,414.200989,416.68399,414.200989,416.437988,416.437988,95259400.0
2016-03-15,416.388,418.131012,414.984985,416.829987,416.829987,66781700.0
2016-03-16,416.888,417.686005,415.911987,417.010986,417.010986,65185800.0
2016-03-17,417.889008,420.997009,417.889008,420.621002,420.621002,83528600.0
2016-03-18,420.546997,420.546997,406.136993,409.548004,409.548004,104940000.0
2016-03-19,409.265015,410.984009,407.230011,410.444,410.444,58423000.0
2016-03-20,410.401001,414.625,410.401001,413.755005,413.755005,45947900.0
2016-03-21,413.417999,413.417999,410.381012,413.307007,413.307007,61655400.0
2016-03-22,413.131989,418.375,412.531006,418.088989,418.088989,66813300.0
2016-03-23,418.161011,419.268005,417.364014,418.040985,418.040985,61444200.0
2016-03-24,418.424011,418.679993,415.485992,416.394012,416.394012,68346704.0
2016-03-25,416.507996,418.079987,415.558014,417.177002,417.177002,52560000.0
2016-03-26,417.36499,418.987,416.259003,417.945007,417.945007,44650400.0
2016-03-27,418.140015,428.796997,417.710999,426.765015,426.765015,71229400.0
2016-03-28,426.548004,426.856995,423.292999,424.230988,424.230988,68522800.0
2016-03-29,424.303986,426.203003,412.681,416.515991,416.515991,75411504.0
2016-03-30,416.834015,416.834015,412.496002,414.81601,414.81601,66034100.0
2016-03-31,415.256989,418.368988,415.256989,416.729004,416.729004,60215200.0
2016-04-01,416.76001,418.173004,415.830994,417.959991,417.959991,51235700.0
2016-04-02,418.421997,422.080994,418.421997,420.872986,420.872986,45681200.0
2016-04-03,421.173004,421.579987,419.696991,420.903992,420.903992,38053700.0
2016-04-04,421.299011,422.342987,419.601013,421.444,421.444,50634300.0
2016-04-05,421.016998,424.256989,420.614014,424.029999,424.029999,60718000.0
2016-04-06,424.283997,424.527008,422.729004,423.412994,423.412994,59091000.0
2016-04-07,423.619995,423.657013,420.518005,422.744995,422.744995,57858600.0
2016-04-08,422.907013,425.360992,419.63501,420.348999,420.348999,63454700.0
2016-04-09,420.811005,420.890991,416.515015,419.411011,419.411011,49792700.0
2016-04-10,419.59201,422.434998,419.256989,421.563995,421.563995,73478600.0
2016-04-11,421.872009,422.739014,420.53299,422.483002,422.483002,50747500.0
2016-04-12,422.842987,427.277008,422.842987,425.190002,425.190002,70728800.0
2016-04-13,425.631989,426.65799,422.915985,423.734009,423.734009,69060400.0
2016-04-14,423.934998,425.371002,423.013,424.282013,424.282013,45281000.0
2016-04-15,424.427002,429.928009,424.427002,429.713013,429.713013,54801500.0
2016-04-16,429.575012,432.625,428.984009,430.571991,430.571991,39392800.0
2016-04-17,430.635986,431.371002,426.07901,427.398987,427.398987,52125900.0
2016-04-18,427.610992,429.273987,427.085999,428.591003,428.591003,55670900.0
2016-04-19,428.703003,436.019989,428.104004,435.509003,435.509003,52810500.0
2016-04-20,435.324005,443.053986,434.406006,441.389008,441.389008,72890096.0
2016-04-21,441.415985,450.548004,440.951996,449.424988,449.424988,68204704.0
2016-04-22,449.687988,449.809998,444.149994,445.737,445.737,58804400.0
2016-04-23,445.860992,450.282013,444.330994,450.282013,450.282013,50485400.0
2016-04-24,450.559998,460.145996,448.928009,458.554993,458.554993,68198400.0
2016-04-25,459.121002,466.619995,453.59201,461.425995,461.425995,87091800.0
2016-04-26,461.64801,467.964996,461.621002,466.088989,466.088989,78971904.0
2016-04-27,466.261993,467.07901,444.134003,444.687012,444.687012,93564896.0
2016-04-28,445.037994,449.550995,436.649994,449.010986,449.010986,74064704.0
2016-04-29,449.40799,455.384003,446.016998,455.096985,455.096985,49258500.0
2016-04-30,455.178009,455.587006,447.696991,448.317993,448.317993,69322600.0
2016-05-01,448.484009,452.479004,447.927002,451.875,451.875,40660100.0
2016-05-02,451.933014,452.445007,441.776001,444.669006,444.669006,92127000.0
2016-05-03,444.72699,451.096985,442.617004,450.303986,450.303986,59366400.0
2016-05-04,450.183014,450.377991,445.630005,446.721985,446.721985,50407300.0
2016-05-05,446.710999,448.506012,445.882996,447.976013,447.976013,50440800.0
2016-05-06,447.941986,461.375,447.067993,459.602997,459.602997,72796800.0
2016-05-07,459.639008,460.674988,457.324005,458.536011,458.536011,38364500.0
2016-05-08,458.428986,459.416992,455.983002,458.548004,458.548004,40315000.0
2016-05-09,458.205994,462.480988,456.531006,460.483002,460.483002,55493100.0
2016-05-10,460.518005,461.928986,448.95401,450.894989,450.894989,58956100.0
2016-05-11,450.864014,454.575989,450.864014,452.727997,452.727997,50605200.0
2016-05-12,452.446991,454.949005,449.25,454.765991,454.765991,59849300.0
2016-05-13,454.850006,457.054993,453.453003,455.670013,455.670013,60845000.0
2016-05-14,455.822998,456.835999,454.786011,455.67099,455.67099,37209000.0
2016-05-15,455.759003,458.691986,455.459015,457.567993,457.567993,28514000.0
2016-05-16,457.585999,458.200012,452.945007,454.162994,454.162994,59171500.0
2016-05-17,454.009003,455.071991,453.605011,453.78299,453.78299,64100300.0
2016-05-18,453.69101,455.997986,453.299011,454.618988,454.618988,86850096.0
2016-05-19,454.523987,454.632996,438.714996,438.714996,438.714996,96027400.0
2016-05-20,437.792999,444.053986,437.389008,442.675995,442.675995,81987904.0
2016-05-21,442.966003,443.778015,441.705994,443.187988,443.187988,42762300.0
2016-05-22,443.217987,443.427002,439.035004,439.322998,439.322998,39657600.0
2016-05-23,439.347992,444.345001,438.822998,444.154999,444.154999,50582500.0
2016-05-24,444.290985,447.100006,443.929993,445.980988,445.980988,65783100.0
2016-05-25,446.062012,450.298004,446.062012,449.598999,449.598999,65231000.0
2016-05-26,449.671997,453.644012,447.895996,453.384003,453.384003,65203800.0
2016-05-27,453.520996,478.148987,453.520996,473.463989,473.463989,164780992.0
2016-05-28,473.028992,533.473022,472.699005,530.039978,530.039978,181199008.0
2016-05-29,527.47699,553.960022,512.179016,526.232971,526.232971,148736992.0
2016-05-30,528.471008,544.348999,522.963013,533.864014,533.864014,87958704.0
2016-05-31,534.190979,546.617981,520.661987,531.385986,531.385986,138450000.0
2016-06-01,531.106995,543.080017,525.635986,536.919983,536.919983,86061800.0
2016-06-02,536.515015,540.35199,533.078003,537.971985,537.971985,60378200.0
2016-06-03,537.682007,574.638,536.919983,569.19397,569.19397,122020000.0
2016-06-04,569.705017,590.132019,564.237976,572.72699,572.72699,94925296.0
2016-06-05,573.307983,582.807983,569.177979,574.97699,574.97699,68874096.0
2016-06-06,574.60199,586.469971,574.60199,585.536987,585.536987,72138896.0
2016-06-07,585.445007,590.258972,567.513977,576.596985,576.596985,107770000.0
2016-06-08,577.166992,582.838989,573.130005,581.64502,581.64502,80265800.0
2016-06-09,582.203003,582.203003,570.950989,574.630005,574.630005,71301000.0
2016-06-10,575.836975,579.127014,573.325012,577.469971,577.469971,66991900.0
2016-06-11,578.674011,607.116028,578.674011,606.72699,606.72699,82357000.0
2016-06-12,609.684021,684.843994,607.039001,672.783997,672.783997,277084992.0
2016-06-13,671.653992,716.004028,664.487,704.375977,704.375977,243295008.0
2016-06-14,704.504028,704.504028,662.804016,685.559021,685.559021,186694000.0
2016-06-15,685.684998,696.302979,672.560974,694.468994,694.468994,99223800.0
2016-06-16,696.52301,773.721985,696.52301,766.307983,766.307983,271633984.0
2016-06-17,768.487,775.356018,716.55603,748.908997,748.908997,363320992.0
2016-06-18,748.755981,777.98999,733.929016,756.22699,756.22699,252718000.0
2016-06-19,756.687988,766.620972,745.627991,763.781006,763.781006,136184992.0
2016-06-20,763.927002,764.083984,732.72699,737.226013,737.226013,174511008.0
2016-06-21,735.882996,735.882996,639.070007,666.651978,666.651978,309944000.0
2016-06-22,665.914978,678.669983,587.482971,596.116028,596.116028,266392992.0
2016-06-23,597.442993,629.327026,558.138977,623.97699,623.97699,253462000.0
2016-06-24,625.575012,681.72699,625.271973,665.299011,665.299011,224316992.0
2016-06-25,665.281006,691.731018,646.559021,665.122986,665.122986,126656000.0
2016-06-26,665.93103,665.97998,616.934021,629.367004,629.367004,109225000.0
2016-06-27,629.348999,655.275024,620.523987,655.275024,655.275024,122134000.0
2016-06-28,658.10199,659.247986,637.77301,647.000977,647.000977,138384992.0
2016-06-29,644.122009,644.682007,628.283997,639.890015,639.890015,142456000.0
2016-06-30,640.591003,675.403015,636.607971,673.336975,673.336975,138980000.0
2016-07-01,672.515015,686.153992,669.593994,676.296021,676.296021,134431008.0
2016-07-02,676.734009,703.702026,676.398987,703.702026,703.702026,112354000.0
2016-07-03,704.968018,704.968018,649.008972,658.664001,658.664001,129512000.0
2016-07-04,658.804016,683.661987,650.507996,683.661987,683.661987,92008400.0
2016-07-05,683.208984,683.491028,665.065979,670.627014,670.627014,130476000.0
2016-07-06,670.41803,681.89801,670.41803,677.330994,677.330994,134960992.0
2016-07-07,678.090027,682.432007,611.833984,640.562012,640.562012,258091008.0
2016-07-08,640.687988,666.70697,636.46698,666.52301,666.52301,141970000.0
2016-07-09,666.383972,666.383972,633.398987,650.960022,650.960022,180536000.0
2016-07-10,650.598999,652.294006,641.263977,649.359985,649.359985,102532000.0
2016-07-11,648.484009,659.629028,644.97998,647.658997,647.658997,107910000.0
2016-07-12,648.28302,675.258972,646.778992,664.551025,664.551025,138172992.0
2016-07-13,664.796997,668.700012,654.468018,654.468018,654.468018,131449000.0
2016-07-14,652.922974,662.901978,652.922974,658.078003,658.078003,98511400.0
2016-07-15,659.171021,667.077026,659.039978,663.255005,663.255005,81673104.0
2016-07-16,663.781006,666.460022,659.333984,660.767029,660.767029,50330200.0
2016-07-17,661.992981,682.36499,661.992981,679.458984,679.458984,74407904.0
2016-07-18,679.809021,681.554993,668.625,673.106018,673.106018,69465000.0
2016-07-19,672.737976,673.276978,667.632019,672.864014,672.864014,61203300.0
2016-07-20,672.80603,672.929016,663.359985,665.684998,665.684998,94636400.0
2016-07-21,665.228027,666.218994,660.414978,665.012024,665.012024,60491800.0
2016-07-22,664.921997,666.583008,646.721985,650.619019,650.619019,134169000.0
2016-07-23,650.726013,656.366028,648.523987,655.55603,655.55603,69532200.0
2016-07-24,655.409973,663.109985,652.79303,661.284973,661.284973,118184000.0
2016-07-25,661.263,661.828003,653.39502,654.096985,654.096985,78176496.0
2016-07-26,654.226013,656.224976,645.879028,651.783997,651.783997,225135008.0
2016-07-27,651.627014,657.455994,648.447021,654.35199,654.35199,147460992.0
2016-07-28,654.492004,657.594971,654.492004,655.034973,655.034973,86428400.0
2016-07-29,655.111023,657.796021,654.786011,656.992004,656.992004,60703500.0
2016-07-30,657.012024,658.223022,654.208984,655.046997,655.046997,38456100.0
2016-07-31,655.099976,655.284973,624.36499,624.68103,624.68103,110818000.0
2016-08-01,624.60199,626.119019,605.883972,606.271973,606.271973,121887000.0
2016-08-02,606.396973,612.848022,531.333984,547.465027,547.465027,330932992.0
2016-08-03,548.656006,573.359985,541.546997,566.35498,566.35498,207982000.0
2016-08-04,566.328979,579.495972,565.776978,578.289001,578.289001,125292000.0
2016-08-05,578.281006,578.281006,569.981995,575.04303,575.04303,66127900.0
2016-08-06,575.030029,588.395996,569.468994,587.778015,587.778015,80797296.0
2016-08-07,587.770996,597.513,586.815979,592.690002,592.690002,82398400.0
2016-08-08,592.736023,592.994019,588.046997,591.054016,591.054016,61194100.0
2016-08-09,591.038025,591.091003,584.79303,587.801025,587.801025,92228096.0
2016-08-10,587.64801,599.984009,586.370972,592.103027,592.103027,102905000.0
2016-08-11,592.124023,597.541992,589.119995,589.119995,589.119995,74514400.0
2016-08-12,588.797974,589.909973,583.810974,587.559021,587.559021,69218000.0
2016-08-13,587.356995,589.773987,584.979004,585.588013,585.588013,43563000.0
2016-08-14,585.588989,585.666016,564.781006,570.473022,570.473022,60851100.0
2016-08-15,570.494019,573.580017,563.23999,567.23999,567.23999,57262300.0
2016-08-16,567.242981,581.737976,566.716003,577.439026,577.439026,58405200.0
2016-08-17,577.760986,580.893982,571.429993,573.216003,573.216003,54443000.0
2016-08-18,573.70697,577.791992,573.429993,574.317993,574.317993,59896600.0
2016-08-19,574.338989,578.237976,574.182007,575.630005,575.630005,50631600.0
2016-08-20,576.083984,582.817993,575.45697,581.697021,581.697021,45301400.0
2016-08-21,581.939026,584.15802,580.218018,581.307983,581.307983,38299400.0
2016-08-22,581.310974,588.447998,580.593994,586.752991,586.752991,72844000.0
2016-08-23,586.770996,589.473999,581.633972,583.414978,583.414978,85349200.0
2016-08-24,583.411987,583.590027,579.85498,580.182007,580.182007,56328200.0
2016-08-25,580.179993,580.450989,575.166992,577.760986,577.760986,136130000.0
2016-08-26,577.752991,580.622986,576.857971,579.651001,579.651001,48856800.0
2016-08-27,579.452026,579.844971,568.630005,569.947021,569.947021,59698300.0
2016-08-28,569.830017,574.038025,569.73999,573.911987,573.911987,86301600.0
2016-08-29,574.070984,576.278015,573.465027,574.106995,574.106995,110398000.0
2016-08-30,574.114014,578.356995,574.114014,577.502991,577.502991,70342400.0
2016-08-31,577.591003,577.861023,573.642029,575.471985,575.471985,75840896.0
2016-09-01,575.546021,576.310974,571.814026,572.302979,572.302979,76923400.0
2016-09-02,572.409973,575.643005,570.810974,575.536987,575.536987,79910800.0
2016-09-03,575.554993,599.5,574.05603,598.211975,598.211975,159014000.0
2016-09-04,598.590027,611.836975,596.848022,608.633972,608.633972,97942896.0
2016-09-05,608.98999,609.054993,602.242004,606.590027,606.590027,82446800.0
2016-09-06,606.505981,610.830017,605.091003,610.435974,610.435974,78529104.0
2016-09-07,610.572998,614.544983,608.513,614.544006,614.544006,75032400.0
2016-09-08,614.63501,628.77002,613.843994,626.315979,626.315979,86713000.0
2016-09-09,626.35199,626.830017,620.263,622.861023,622.861023,64550200.0
2016-09-10,622.927002,625.094971,622.39502,623.508972,623.508972,45016800.0
2016-09-11,623.424011,628.817993,600.505981,606.718994,606.718994,73610800.0
2016-09-12,607.005005,608.458984,605.411011,608.242981,608.242981,72812304.0
2016-09-13,608.025024,611.192993,606.924988,609.241028,609.241028,86920600.0
2016-09-14,608.841003,611.952026,608.409973,610.684021,610.684021,47877700.0
2016-09-15,610.588013,611.085999,607.155029,607.155029,607.155029,59464600.0
2016-09-16,607.245972,609.260986,606.734985,606.973022,606.973022,64963400.0
2016-09-17,607.218018,607.859985,605.192017,605.984009,605.984009,37140300.0
2016-09-18,606.28302,610.15802,605.856018,609.874023,609.874023,48679400.0
2016-09-19,609.870972,610.932007,608.27002,609.22699,609.22699,54796400.0
2016-09-20,609.254028,609.525024,607.937988,608.312012,608.312012,72710896.0
2016-09-21,603.588013,603.588013,595.882996,597.148987,597.148987,82776200.0
2016-09-22,597.278992,598.487,596.213013,596.297974,596.297974,67085300.0
2016-09-23,596.198975,603.205017,595.786011,602.84198,602.84198,51067000.0
2016-09-24,602.960999,604.580017,602.044983,602.625,602.625,35359500.0
2016-09-25,602.749023,603.380981,599.710999,600.825989,600.825989,33977800.0
2016-09-26,600.807007,608.143005,600.348999,608.04303,608.04303,59153800.0
2016-09-27,608.021973,608.247986,604.109985,606.166016,606.166016,49422400.0
2016-09-28,606.242981,606.590027,604.606995,604.728027,604.728027,48722600.0
2016-09-29,605.018982,606.823975,604.848022,605.692993,605.692993,55658600.0
2016-09-30,605.715027,609.734985,604.142029,609.734985,609.734985,56122400.0
2016-10-01,609.929016,615.237,609.929016,613.982971,613.982971,56357000.0
2016-10-02,613.947998,614.005005,609.682007,610.892029,610.892029,39249800.0
2016-10-03,610.968018,612.567993,610.455017,612.132996,612.132996,46798300.0
2016-10-04,612.052002,612.054016,609.479004,610.203979,610.203979,49801600.0
2016-10-05,610.218018,613.814026,609.617004,612.510986,612.510986,68077504.0
2016-10-06,612.469971,613.81897,611.468994,613.020996,613.020996,56812100.0
2016-10-07,612.607971,617.911987,611.820984,617.120972,617.120972,64071400.0
2016-10-08,617.341003,619.848999,617.341003,619.107971,619.107971,42345900.0
2016-10-09,619.171997,619.197998,616.606995,616.752014,616.752014,39243400.0
2016-10-10,616.822021,621.317993,616.197021,618.994019,618.994019,67481104.0
2016-10-11,619.237976,642.080017,618.5,641.072021,641.072021,103590000.0
2016-10-12,640.870972,641.336975,635.965027,636.192017,636.192017,92370200.0
2016-10-13,636.030029,638.833008,635.028992,636.786011,636.786011,61620700.0
2016-10-14,637.007996,641.284973,637.007996,640.377991,640.377991,58144600.0
2016-10-15,640.310974,642.10199,637.390015,638.645996,638.645996,39035400.0
2016-10-16,639.083008,642.89801,638.901001,641.630981,641.630981,40298100.0
2016-10-17,641.817993,642.328003,638.663025,639.192993,639.192993,58063600.0
2016-10-18,639.411011,640.736023,635.995972,637.960022,637.960022,65546700.0
2016-10-19,638.133972,638.874023,628.013,630.52002,630.52002,69381696.0
2016-10-20,630.663025,631.916992,628.257996,630.856995,630.856995,56957300.0
2016-10-21,630.825012,634.093994,630.69397,632.828003,632.828003,55951000.0
2016-10-22,633.135986,658.197021,632.849976,657.294006,657.294006,78556496.0
2016-10-23,657.620972,661.129028,653.885986,657.070984,657.070984,54474600.0
2016-10-24,657.161011,657.252014,652.594971,653.760986,653.760986,62218200.0
2016-10-25,654.002014,664.424011,653.697998,657.588013,657.588013,90378800.0
2016-10-26,657.677979,679.728027,657.677979,678.304016,678.304016,88877104.0
2016-10-27,678.213989,688.593994,678.039978,688.312988,688.312988,96105296.0
2016-10-28,688.0,690.44397,684.161987,689.651001,689.651001,81145504.0
2016-10-29,690.289001,720.401978,690.052002,714.479004,714.479004,134760992.0
2016-10-30,714.117981,714.117981,696.474976,701.864014,701.864014,100665000.0
2016-10-31,702.640015,709.289001,691.682007,700.971985,700.971985,97064400.0
2016-11-01,701.336975,736.452026,701.336975,729.79303,729.79303,130527000.0
2016-11-02,730.065979,740.828979,722.348999,740.828979,740.828979,84865200.0
2016-11-03,742.346008,745.77301,678.156006,688.700012,688.700012,172808000.0
2016-11-04,689.124023,706.929993,685.562988,703.234985,703.234985,99907696.0
2016-11-05,703.525024,707.51001,697.739014,703.41803,703.41803,53752300.0
2016-11-06,703.812012,714.257996,699.559998,711.521973,711.521973,59902200.0
2016-11-07,710.736023,710.736023,699.903015,703.130981,703.130981,65047100.0
2016-11-08,703.088989,712.987,702.390015,709.848022,709.848022,79660800.0
2016-11-09,709.825012,740.046021,708.609985,723.27301,723.27301,132429000.0
2016-11-10,722.843994,723.018005,711.210022,715.533997,715.533997,68807800.0
2016-11-11,715.554993,718.317993,714.409973,716.411011,716.411011,63119700.0
2016-11-12,716.752014,717.14801,704.034973,705.054016,705.054016,64622500.0
2016-11-13,705.195984,705.257019,687.315002,702.031006,702.031006,80318096.0
2016-11-14,701.997009,706.283997,699.807983,705.020996,705.020996,62993000.0
2016-11-15,705.794006,715.718018,705.26001,711.619019,711.619019,72038496.0
2016-11-16,711.166992,747.61499,709.039001,744.197998,744.197998,141294000.0
2016-11-17,744.875977,755.64502,739.510986,740.97699,740.97699,108579000.0
2016-11-18,740.705017,752.882019,736.890015,751.585022,751.585022,87363104.0
2016-11-19,751.833008,756.237,744.46698,751.616028,751.616028,110608000.0
2016-11-20,751.879028,755.47998,717.94397,731.026001,731.026001,154116000.0
2016-11-21,731.265015,741.721985,730.51001,739.247986,739.247986,60802400.0
2016-11-22,739.643005,753.869995,736.526978,751.346985,751.346985,129906000.0
2016-11-23,751.741028,752.25,738.924011,744.593994,744.593994,76543800.0
2016-11-24,744.619995,746.83197,733.48999,740.289001,740.289001,85919296.0
2016-11-25,740.442017,741.648987,734.591003,741.648987,741.648987,67807600.0
2016-11-26,741.510986,742.213989,729.625,735.382019,735.382019,54962700.0
2016-11-27,735.437012,739.018005,731.085022,732.034973,732.034973,52601800.0
2016-11-28,732.484009,738.005981,732.484009,735.812988,735.812988,61888600.0
2016-11-29,736.328979,737.471008,734.559021,735.604004,735.604004,68511104.0
2016-11-30,736.283997,747.929016,736.265015,745.690979,745.690979,84070800.0
2016-12-01,746.046021,758.275024,746.046021,756.773987,756.773987,80461904.0
2016-12-02,757.544983,781.296021,757.544983,777.94397,777.94397,127605000.0
2016-12-03,778.247986,778.247986,764.856018,771.155029,771.155029,69547296.0
2016-12-04,771.638,773.872009,768.161011,773.872009,773.872009,60557900.0
2016-12-05,773.393982,773.468018,751.713013,758.700012,758.700012,106363000.0
2016-12-06,758.719971,765.622009,758.719971,764.223999,764.223999,116218000.0
2016-12-07,764.210999,771.54303,759.75,768.132019,768.132019,96426096.0
2016-12-08,768.075989,774.697998,765.945984,770.809998,770.809998,80111904.0
2016-12-09,769.94397,774.528015,769.648987,772.794006,772.794006,68705296.0
2016-12-10,773.02301,777.09198,772.909973,774.650024,774.650024,53843100.0
2016-12-11,774.752014,774.797974,765.411987,769.731018,769.731018,57313400.0
2016-12-12,770.039978,781.921997,770.039978,780.086975,780.086975,76571000.0
2016-12-13,780.646973,788.460022,777.961975,780.55603,780.55603,81645600.0
2016-12-14,780.005005,782.033997,776.838989,781.481018,781.481018,75979000.0
2016-12-15,780.070007,781.434998,777.802002,778.088013,778.088013,81580096.0
2016-12-16,778.963013,785.031982,778.963013,784.906982,784.906982,83608200.0
2016-12-17,785.166016,792.508972,784.864014,790.828979,790.828979,78989800.0
2016-12-18,791.007996,794.737,788.026001,790.530029,790.530029,60524400.0
2016-12-19,790.692017,793.611023,790.320007,792.713989,792.713989,74886400.0
2016-12-20,792.247009,801.336975,791.497009,800.875977,800.875977,99629296.0
2016-12-21,800.643982,834.281006,799.405029,834.281006,834.281006,155576000.0
2016-12-22,834.179993,875.781982,834.148987,864.539978,864.539978,200027008.0
2016-12-23,864.888,925.117004,864.677002,921.984009,921.984009,275564000.0
2016-12-24,922.179993,923.479004,886.335022,898.822021,898.822021,137727008.0
2016-12-25,899.651978,899.651978,862.424011,896.182983,896.182983,143664992.0
2016-12-26,896.905029,913.184021,896.89801,907.609985,907.609985,123771000.0
2016-12-27,908.354004,940.047974,904.255005,933.197998,933.197998,167308000.0
2016-12-28,934.830994,975.921021,934.830994,975.921021,975.921021,236630000.0
2016-12-29,975.125,979.396973,954.502991,973.497009,973.497009,199320000.0
2016-12-30,972.534973,972.534973,934.833008,961.237976,961.237976,187474000.0
2016-12-31,960.627014,963.742981,947.236023,963.742981,963.742981,99135104.0
